<?xml version="1.0" encoding="UTF-8"?>
<project-private xmlns="http://www.netbeans.org/ns/project-private/1">
    <editor-bookmarks xmlns="http://www.netbeans.org/ns/editor-bookmarks/2" lastBookmarkId="0"/>
    <open-files xmlns="http://www.netbeans.org/ns/projectui-open-files/2">
        <group>
            <file>file:/media/robotica/JARDEL/Provas/Mediator_Observer_Prova%20(Jardel)/src/Main/main.java</file>
            <file>file:/media/robotica/JARDEL/Provas/Mediator_Observer_Prova%20(Jardel)/src/Sujeito_Colaborador/Microfone.java</file>
            <file>file:/media/robotica/JARDEL/Provas/Mediator_Observer_Prova%20(Jardel)/src/Main/Televisao.java</file>
            <file>file:/media/robotica/JARDEL/Provas/Mediator_Observer_Prova%20(Jardel)/src/Observer/Telespectador.java</file>
            <file>file:/media/robotica/JARDEL/Provas/Mediator_Observer_Prova%20(Jardel)/src/Observer/Observador.java</file>
            <file>file:/media/robotica/JARDEL/Provas/Mediator_Observer_Prova%20(Jardel)/src/Sujeito_Colaborador/Candidato.java</file>
            <file>file:/media/robotica/JARDEL/Provas/Mediator_Observer_Prova%20(Jardel)/src/Main/Audiencia.java</file>
            <file>file:/media/robotica/JARDEL/Provas/Mediator_Observer_Prova%20(Jardel)/src/Sujeito_Colaborador/Presidente.java</file>
            <file>file:/media/robotica/JARDEL/Provas/Mediator_Observer_Prova%20(Jardel)/src/Sujeito_Colaborador/Prefeito.java</file>
            <file>file:/media/robotica/JARDEL/Provas/Mediator_Observer_Prova%20(Jardel)/src/Mediator/Mediador.java</file>
            <file>file:/media/robotica/JARDEL/Provas/Mediator_Observer_Prova%20(Jardel)/src/Mediator/Apresentador.java</file>
            <file>file:/media/robotica/JARDEL/Provas/Mediator_Observer_Prova%20(Jardel)/src/Sujeito_Colaborador/Governador.java</file>
        </group>
    </open-files>
</project-private>
